{
    "camera_matrix": [
        [
            883.5778776289507,
            0.0,
            824.040814826632
        ],
        [
            0.0,
            883.0983826770268,
            571.5723835818413
        ],
        [
            0.0,
            0.0,
            1.0
        ]
    ],
    "distortion_coefficients": [
        [
            -0.12876368140733824,
            0.10870093710284397,
            0.0011941270640726035,
            -0.0012943163251015906,
            -0.009113429991561256,
            0.15744575513652176,
            0.06964373789273685,
            0.0058062740627739095
        ]
    ],
    "serial_number": "302179"
}